run_folder,run_name,optimal_threshold,n_predictors,onset_aupr,onset_precision_class1,onset_recall_class1,onset_f1_class1,active_aupr,active_precision_class1,active_recall_class1,active_f1_class1,food,rain,text,conflict_text,pca,k,n
3caf6941b0a54e48a96f6ac37188ef3f,acled_sub_food_rain_text_conflict_pca_0.25_4,0.3174,57,0.4277,0.4213,1.0,0.5928,0.4177,0.4259,1.0,0.5974,True,True,True,True,True,0.25,4
1b5093fa358145c09c70b94a4bd08413,acled_sub_food_rain_text_conflict_0.25_4,0.4213,801,0.5101,0.4213,1.0,0.5928,0.418,0.4259,1.0,0.5974,True,True,True,True,False,0.25,4
855e0ce64a804171944499c8138e87d4,acled_sub_food_rain_text_conflict_pca_0.25_5,0.1409,57,0.3908,0.4292,1.0,0.6007,0.3997,0.4396,0.9891,0.6087,True,True,True,True,True,0.25,5
77c398bfb8d74293a0e600e199c29402,acled_sub_food_rain_text_conflict_0.25_5,0.3445,801,0.4271,0.4213,1.0,0.5928,0.4109,0.4259,1.0,0.5974,True,True,True,True,False,0.25,5
de95ae38455f45ada5a8d9cd2a9cefde,acled_sub_food_rain_text_all_pca_0.25_4,0.1588,76,0.455,0.4213,1.0,0.5928,0.4485,0.4259,1.0,0.5974,True,True,True,False,True,0.25,4
b868d0d8a9924f7ba723a894abc7d1b0,acled_sub_food_rain_text_all_0.25_4,0.1252,801,0.4048,0.4213,1.0,0.5928,0.4038,0.4259,1.0,0.5974,True,True,True,False,False,0.25,4
17dfaa73577649918829e2262c35f384,acled_sub_food_rain_text_all_pca_0.25_5,0.1557,76,0.455,0.4213,1.0,0.5928,0.4485,0.4259,1.0,0.5974,True,True,True,False,True,0.25,5
6e6db62d98b643b0b05c961c2e0ee81a,acled_sub_food_rain_text_all_0.25_5,0.1617,801,0.4292,0.4213,1.0,0.5928,0.4587,0.4259,1.0,0.5974,True,True,True,False,False,0.25,5
1f971d2322f7499e9cba377db57849be,acled_event_food_rain_text_conflict_pca_0.25_4,0.2408,39,0.3867,0.4213,1.0,0.5928,0.4313,0.4259,1.0,0.5974,True,True,True,True,True,0.25,4
675635a5e1124dbd83ef680c9686cb9a,acled_event_food_rain_text_conflict_0.25_4,0.2464,783,0.4282,0.4206,0.989,0.5902,0.438,0.4259,1.0,0.5974,True,True,True,True,False,0.25,4
c9bec59814544964a9ab340edc2c97c4,acled_event_food_rain_text_conflict_pca_0.25_5,0.1103,39,0.4531,0.4252,1.0,0.5967,0.4534,0.4313,0.9891,0.6007,True,True,True,True,True,0.25,5
2f726a2887b245f0bea068f25d41de41,acled_event_food_rain_text_conflict_0.25_5,0.3702,783,0.5082,0.4213,1.0,0.5928,0.421,0.4259,1.0,0.5974,True,True,True,True,False,0.25,5
7d8ef14f39b740d1bf095719dbf09d7c,acled_event_food_rain_text_all_pca_0.25_4,0.104,58,0.4285,0.4213,1.0,0.5928,0.4151,0.4259,1.0,0.5974,True,True,True,False,True,0.25,4
44bc95b2bb0d42009c71c30dbb2e0791,acled_event_food_rain_text_all_0.25_4,0.1741,783,0.3799,0.4272,1.0,0.5987,0.3906,0.4259,1.0,0.5974,True,True,True,False,False,0.25,4
56f6ccb69f79433cb9d8a575f54a0867,acled_event_food_rain_text_all_pca_0.25_5,0.0733,58,0.4037,0.4213,1.0,0.5928,0.4117,0.4259,1.0,0.5974,True,True,True,False,True,0.25,5
95254456df4a4ed1abb90ff2406b5c52,acled_event_food_rain_text_all_0.25_5,0.1901,783,0.4351,0.4213,1.0,0.5928,0.4183,0.4259,1.0,0.5974,True,True,True,False,False,0.25,5
69a9873e3e8f4a959defabf41f2f6211,acled_sub_food_rain_text_conflict_pca_0.5_4,0.252,57,0.3806,0.3704,1.0,0.5405,0.4012,0.3796,1.0,0.5503,True,True,True,True,True,0.5,4
c1848e862b214440b9fdb160b47745c5,acled_sub_food_rain_text_conflict_0.5_4,0.2113,801,0.386,0.3704,1.0,0.5405,0.3789,0.3796,1.0,0.5503,True,True,True,True,False,0.5,4
69db30fd87b7442391df6405205a4a22,acled_sub_food_rain_text_conflict_pca_0.5_5,0.2679,57,0.351,0.3713,0.9375,0.5319,0.4041,0.395,0.9634,0.5603,True,True,True,True,True,0.5,5
8e36cb8e2282423c86ac67e6e515bfd0,acled_sub_food_rain_text_conflict_0.5_5,0.2925,801,0.3645,0.3704,1.0,0.5405,0.3737,0.3796,1.0,0.5503,True,True,True,True,False,0.5,5
2368a1fe863b4a21bfe84f32c46f8401,acled_sub_food_rain_text_all_pca_0.5_4,0.1506,76,0.3494,0.3704,1.0,0.5405,0.4049,0.3796,1.0,0.5503,True,True,True,False,True,0.5,4
c180414c4dd74b8cb113374584a0093b,acled_sub_food_rain_text_all_0.5_4,0.0717,801,0.33,0.3756,1.0,0.5461,0.4092,0.3796,1.0,0.5503,True,True,True,False,False,0.5,4
0f87ab6d6df9428aa9febb471e06fb36,acled_sub_food_rain_text_all_pca_0.5_5,0.1738,76,0.3316,0.3721,1.0,0.5424,0.3893,0.3756,0.9756,0.5424,True,True,True,False,True,0.5,5
00cfbecc71754165880692797918c681,acled_sub_food_rain_text_all_0.5_5,0.3448,801,0.3306,0.3704,1.0,0.5405,0.3983,0.3796,1.0,0.5503,True,True,True,False,False,0.5,5
4d4e0ac49cd64e90b7a723ed52df9f1c,acled_event_food_rain_text_conflict_pca_0.5_4,0.3043,39,0.3339,0.3788,0.9375,0.5396,0.3949,0.3812,0.939,0.5423,True,True,True,True,True,0.5,4
bd3231007fde4058960f87c7f6e98f5d,acled_event_food_rain_text_conflict_0.5_4,0.329,783,0.3483,0.3704,1.0,0.5405,0.3701,0.3796,1.0,0.5503,True,True,True,True,False,0.5,4
a3a0b2fa08414970844da5fbad683e09,acled_event_food_rain_text_conflict_pca_0.5_5,0.0787,39,0.3449,0.3555,0.9375,0.5155,0.4375,0.3816,0.9634,0.5467,True,True,True,True,True,0.5,5
96cd729b4b0d45d99cee7129fd8234a5,acled_event_food_rain_text_conflict_0.5_5,0.0922,783,0.3926,0.3721,1.0,0.5424,0.3661,0.3857,0.9878,0.5548,True,True,True,True,False,0.5,5
4893da136dd24a25831835b07115b81e,acled_event_food_rain_text_all_pca_0.5_4,0.1704,58,0.3558,0.3645,0.975,0.5306,0.4037,0.3709,0.9634,0.5356,True,True,True,False,True,0.5,4
fcc523b9cf0c416c8f59a5f67affa358,acled_event_food_rain_text_all_0.5_4,0.358,783,0.3602,0.3717,0.8875,0.524,0.3586,0.3768,0.9512,0.5398,True,True,True,False,False,0.5,4
e9a0f3a5380648ecb31fad847afb210c,acled_event_food_rain_text_all_pca_0.5_5,0.0712,58,0.3372,0.3704,1.0,0.5405,0.371,0.3796,1.0,0.5503,True,True,True,False,True,0.5,5
03d24a42d84d428680553fe0169ed69a,acled_event_food_rain_text_all_0.5_5,0.1541,783,0.324,0.3721,1.0,0.5424,0.3854,0.3796,1.0,0.5503,True,True,True,False,False,0.5,5
d2d15a41f1324f15baee40ef0e5eb117,acled_sub_food_rain_text_conflict_pca_0.75_4,0.2084,57,0.3601,0.3488,1.0,0.5172,0.3953,0.3148,1.0,0.4789,True,True,True,True,True,0.75,4
0f3dec1b6d904fe193394bd6e2f5369d,acled_sub_food_rain_text_conflict_0.75_4,0.3258,801,0.3932,0.3772,0.84,0.5207,0.3666,0.3526,0.8088,0.4911,True,True,True,True,False,0.75,4
5801e0f261624df8b3a274d4bc86e1fa,acled_sub_food_rain_text_conflict_pca_0.75_5,0.376,57,0.4084,0.3524,0.9867,0.5193,0.343,0.3163,1.0,0.4806,True,True,True,True,True,0.75,5
8e96d1995b6a43209c2e7da0af07bd03,acled_sub_food_rain_text_conflict_0.75_5,0.3311,801,0.3791,0.3632,0.9733,0.529,0.3795,0.3223,1.0,0.4875,True,True,True,True,False,0.75,5
466355da254e408e993ed90810790dad,acled_sub_food_rain_text_all_pca_0.75_4,0.0636,76,0.3775,0.3488,1.0,0.5172,0.3814,0.3116,0.9853,0.4735,True,True,True,False,True,0.75,4
38d273ed5a584496a94a1f3f01d189f8,acled_sub_food_rain_text_all_0.75_4,0.2169,801,0.3803,0.3472,1.0,0.5155,0.3568,0.3148,1.0,0.4789,True,True,True,False,False,0.75,4
b387ad5e950b4f55a762c0d719641be5,acled_sub_food_rain_text_all_pca_0.75_5,0.0582,76,0.3519,0.3458,0.9867,0.5121,0.3358,0.319,0.9853,0.482,True,True,True,False,True,0.75,5
487ef00453894f2d9cc28b46a309062d,acled_sub_food_rain_text_all_0.75_5,0.2324,801,0.3512,0.3472,1.0,0.5155,0.3506,0.3148,1.0,0.4789,True,True,True,False,False,0.75,5
aac0e6d222ea4df19fb94d528bad4356,acled_event_food_rain_text_conflict_pca_0.75_4,0.1285,39,0.3713,0.3447,0.9467,0.5053,0.4171,0.3077,0.8824,0.4563,True,True,True,True,True,0.75,4
b1e4305e8c4c4f1789e97fbfaf8048cf,acled_event_food_rain_text_conflict_0.75_4,0.0901,783,0.3964,0.3472,1.0,0.5155,0.3327,0.3148,1.0,0.4789,True,True,True,True,False,0.75,4
0ca6c4dcf1674c749b66dd90a0b6fae9,acled_event_food_rain_text_conflict_pca_0.75_5,0.0344,39,0.3693,0.3472,1.0,0.5155,0.3491,0.3237,0.9853,0.4873,True,True,True,True,True,0.75,5
323cb901e7084c7fa2db248cfa7a6b5b,acled_event_food_rain_text_conflict_0.75_5,0.2834,783,0.3804,0.3695,1.0,0.5396,0.3466,0.3208,1.0,0.4857,True,True,True,True,False,0.75,5
42741521ad31402b879ca7ea4a557b13,acled_event_food_rain_text_all_pca_0.75_4,0.0871,58,0.3548,0.3524,0.9867,0.5193,0.4153,0.3089,0.8676,0.4556,True,True,True,False,True,0.75,4
29526135f1c04adabc17e588b2dec459,acled_event_food_rain_text_all_0.75_4,0.0684,783,0.3798,0.3527,0.9733,0.5177,0.3156,0.3131,0.9118,0.4662,True,True,True,False,False,0.75,4
40cdd42ae673438798aa5feac1fb6d21,acled_event_food_rain_text_all_pca_0.75_5,0.0686,58,0.3725,0.3505,1.0,0.519,0.3804,0.3128,0.9706,0.4731,True,True,True,False,True,0.75,5
afd13e49b6624510a29a5cff715f9e97,acled_event_food_rain_text_all_0.75_5,0.0453,783,0.3523,0.3472,1.0,0.5155,0.3622,0.3148,1.0,0.4789,True,True,True,False,False,0.75,5
dd8aef1f7259450e9386f1c0f7dca54d,acled_sub_food_rain_text_conflict_pca_1_4,0.4607,57,0.381,0.3241,0.5303,0.4023,0.377,0.3626,0.569,0.443,True,True,True,True,True,1.0,4
c4ac0e46a17c4692bdf594bef3fa6c05,acled_sub_food_rain_text_conflict_1_4,0.4331,801,0.3855,0.3354,0.8182,0.4758,0.3606,0.2938,0.8966,0.4426,True,True,True,True,False,1.0,4
f47b1615ee8e450da04a19f93b8dd6fa,acled_sub_food_rain_text_conflict_pca_1_5,0.3948,57,0.3977,0.3058,0.5606,0.3957,0.386,0.3281,0.7241,0.4516,True,True,True,True,True,1.0,5
cd0b8eae842745e8b414c5d8e37021fc,acled_sub_food_rain_text_conflict_1_5,0.3621,801,0.3855,0.307,1.0,0.4698,0.3606,0.2685,1.0,0.4234,True,True,True,True,False,1.0,5
793b6873013b4cc084064d080dc6e07f,acled_sub_food_rain_text_all_pca_1_4,0.376,76,0.3249,0.3011,0.4242,0.3522,0.3306,0.3218,0.4828,0.3862,True,True,True,False,True,1.0,4
19535782976c4a9fa23e16eeb2a04d78,acled_sub_food_rain_text_all_1_4,0.1454,801,0.3151,0.2898,0.7727,0.4215,0.362,0.2994,0.8103,0.4372,True,True,True,False,False,1.0,4
3ed2cf6e9b0e461e83dd8ec1c3b0c0f7,acled_sub_food_rain_text_all_pca_1_5,0.2742,76,0.3407,0.3082,0.7424,0.4356,0.3596,0.3145,0.6724,0.4286,True,True,True,False,True,1.0,5
098e697a7e364d7b9bc07dd9f00b54a0,acled_sub_food_rain_text_all_1_5,0.0407,801,0.2957,0.3066,0.9848,0.4676,0.344,0.2714,0.9828,0.4254,True,True,True,False,False,1.0,5
7fbc6a98794b4e20a8d6fe0e28924a38,acled_event_food_rain_text_conflict_pca_1_4,0.4554,39,0.3396,0.2837,0.6061,0.3865,0.4085,0.3041,0.7759,0.4369,True,True,True,True,True,1.0,4
7e8bedd11e17496795995a9d5bf4ad13,acled_event_food_rain_text_conflict_1_4,0.2553,783,0.3779,0.3056,1.0,0.4681,0.316,0.2685,1.0,0.4234,True,True,True,True,False,1.0,4
96bd4b5eaca8420f94ae5b61393f44d4,acled_event_food_rain_text_conflict_pca_1_5,0.3358,39,0.3241,0.2826,0.5909,0.3824,0.3451,0.2759,0.6897,0.3941,True,True,True,True,True,1.0,5
0af01f6bf7514481bcd2d002f92690b3,acled_event_food_rain_text_conflict_1_5,0.3791,783,0.3637,0.3084,1.0,0.4714,0.3494,0.2736,1.0,0.4296,True,True,True,True,False,1.0,5
b76e847a1a054a308b8cfb95b5286c51,acled_event_food_rain_text_all_pca_1_4,0.1035,58,0.3114,0.3056,1.0,0.4681,0.2959,0.2685,1.0,0.4234,True,True,True,False,True,1.0,4
12e7eee6c06b4ebbb1a22172a53a3117,acled_event_food_rain_text_all_1_4,0.1034,783,0.2877,0.3152,0.8788,0.464,0.3149,0.293,0.7931,0.4279,True,True,True,False,False,1.0,4
06cd81673493481dad5af3f93b712d4d,acled_event_food_rain_text_all_pca_1_5,0.2686,58,0.3225,0.2963,0.7273,0.4211,0.3584,0.3023,0.6724,0.4171,True,True,True,False,True,1.0,5
8229ebf3c2054069b203ab003862867d,acled_event_food_rain_text_all_1_5,0.101,783,0.3018,0.322,1.0,0.4871,0.273,0.2745,0.9655,0.4275,True,True,True,False,False,1.0,5
d8a559ffc6fb4e70a8afa2a18322445c,acled_sub_food_rain_0.25_4,0.2174,32,0.4141,0.4213,1.0,0.5928,0.4094,0.4259,1.0,0.5974,True,True,False,False,False,0.25,4
8baf8b390aee45a3b8128a40f76dba28,acled_sub_food_rain_0.25_5,0.3123,32,0.4111,0.4213,1.0,0.5928,0.4546,0.4252,0.9891,0.5948,True,True,False,False,False,0.25,5
bcc80ef0e5754d31a81be1a2841c5c29,acled_event_food_rain_0.25_4,0.0818,14,0.4162,0.4213,1.0,0.5928,0.4469,0.4259,1.0,0.5974,True,True,False,False,False,0.25,4
cd45a09905374efa88b89d27947dfedd,acled_event_food_rain_0.25_5,0.2929,14,0.3946,0.4178,0.978,0.5855,0.4494,0.4313,0.9891,0.6007,True,True,False,False,False,0.25,5
2033b8d0d018402fb59255566877479c,acled_sub_food_rain_0.5_4,0.2193,32,0.3392,0.3709,0.9875,0.5392,0.3999,0.3821,0.9878,0.551,True,True,False,False,False,0.5,4
fb7cdfbd1f804598836b6ba1e3473b2a,acled_sub_food_rain_0.5_5,0.4156,32,0.34,0.3674,0.9875,0.5356,0.4071,0.3796,1.0,0.5503,True,True,False,False,False,0.5,5
f6fd2458b4584c83abcaf5ae1339b8b9,acled_event_food_rain_0.5_4,0.3978,14,0.3297,0.3484,0.675,0.4596,0.4391,0.392,0.5976,0.4734,True,True,False,False,False,0.5,4
7a96ec1498464f7fa0f266dd9d45ba32,acled_event_food_rain_0.5_5,0.2458,14,0.3296,0.3641,0.8375,0.5076,0.3969,0.3923,0.8659,0.5399,True,True,False,False,False,0.5,5
f8d25252197c496386cb0e339952e436,acled_sub_food_rain_0.75_4,0.3491,32,0.3511,0.3453,0.64,0.4486,0.4107,0.3306,0.6029,0.4271,True,True,False,False,False,0.75,4
670c18fcce0e44dab97a304c06e1bbe2,acled_sub_food_rain_0.75_5,0.3803,32,0.3592,0.373,0.6267,0.4677,0.3735,0.3445,0.6029,0.4385,True,True,False,False,False,0.75,5
e0af13851d3e403e9e7f8343b248aceb,acled_event_food_rain_0.75_4,0.0424,14,0.3472,0.3472,1.0,0.5155,0.3917,0.3163,1.0,0.4806,True,True,False,False,False,0.75,4
448c2e50be3d4363a6716e813a67a520,acled_event_food_rain_0.75_5,0.2792,14,0.3486,0.3457,0.7467,0.4726,0.3923,0.3239,0.6765,0.4381,True,True,False,False,False,0.75,5
3e43d16773244a6f938db4b220e064e6,acled_sub_food_rain_1_4,0.0676,32,0.3453,0.3026,0.8939,0.4521,0.3666,0.3005,0.9483,0.4564,True,True,False,False,False,1.0,4
b9385527befb4aa092f2af7da6f97093,acled_sub_food_rain_1_5,0.2032,32,0.3453,0.3019,0.7273,0.4267,0.3666,0.3101,0.6897,0.4278,True,True,False,False,False,1.0,5
b5f604b526534d258c92c1a51ff4b8c7,acled_event_food_rain_1_4,0.2765,14,0.2971,0.3083,0.6212,0.4121,0.3913,0.3167,0.6552,0.427,True,True,False,False,False,1.0,4
1b319f8260064b9386b83fac25feb80d,acled_event_food_rain_1_5,0.3055,14,0.3036,0.2857,0.6061,0.3883,0.4103,0.3016,0.6552,0.413,True,True,False,False,False,1.0,5
f393e6859cf0472582ba503dde8a846d,acled_sub_food_text_conflict_pca_0.25_4,0.4122,56,0.4804,0.4206,0.989,0.5902,0.4309,0.4259,1.0,0.5974,True,False,True,True,True,0.25,4
bab19dab941140e5a77f1e8160e893c2,acled_sub_food_text_conflict_0.25_4,0.2058,800,0.5075,0.4252,1.0,0.5967,0.4402,0.4259,1.0,0.5974,True,False,True,True,False,0.25,4
cdb64b4166ca45ea9fcc2b8fa902e1e5,acled_sub_food_text_conflict_pca_0.25_5,0.2618,56,0.4361,0.4064,0.8352,0.5468,0.4328,0.4402,0.8804,0.587,True,False,True,True,True,0.25,5
5ba03020ccfe4bb3981ebd981b708bf2,acled_sub_food_text_conflict_0.25_5,0.092,800,0.4572,0.4213,1.0,0.5928,0.4497,0.4259,1.0,0.5974,True,False,True,True,False,0.25,5
1352391dd2054de1ab0a48d8ca12cf4e,acled_sub_food_text_all_pca_0.25_4,0.1158,75,0.4534,0.4213,1.0,0.5928,0.4103,0.4259,1.0,0.5974,True,False,True,False,True,0.25,4
5a88b6b7572c45ac9f47e537861e309e,acled_sub_food_text_all_0.25_4,0.2138,800,0.4486,0.4203,0.956,0.5839,0.3691,0.4233,0.9891,0.5928,True,False,True,False,False,0.25,4
c9e916c671624235a6854dd4fe296c99,acled_sub_food_text_all_pca_0.25_5,0.2219,75,0.4441,0.4213,1.0,0.5928,0.4228,0.4259,1.0,0.5974,True,False,True,False,True,0.25,5
7557aae43af84a71aeac809c9bebfb45,acled_sub_food_text_all_0.25_5,0.1898,800,0.4632,0.4213,1.0,0.5928,0.4383,0.4259,1.0,0.5974,True,False,True,False,False,0.25,5
a887c9b5bc4b48859b5c1197e8d6b21b,acled_event_food_text_conflict_pca_0.25_4,0.1806,38,0.4686,0.4233,1.0,0.5948,0.4449,0.4252,0.9891,0.5948,True,False,True,True,True,0.25,4
5f5a9b2c19544b4882ed5182fa1a8711,acled_event_food_text_conflict_0.25_4,0.1833,782,0.4349,0.4252,1.0,0.5967,0.435,0.4279,1.0,0.5993,True,False,True,True,False,0.25,4
41ba5e14cb6444d789f83ea422172d93,acled_event_food_text_conflict_pca_0.25_5,0.1924,38,0.4378,0.4213,1.0,0.5928,0.4492,0.4259,1.0,0.5974,True,False,True,True,True,0.25,5
9f93bbe8ca1c4721bb048237dba46b41,acled_event_food_text_conflict_0.25_5,0.1128,782,0.4364,0.4213,1.0,0.5928,0.4629,0.4259,1.0,0.5974,True,False,True,True,False,0.25,5
cede444b66a143ad9b30ba84c9046ef6,acled_event_food_text_all_pca_0.25_4,0.196,57,0.4231,0.4213,1.0,0.5928,0.4642,0.4259,1.0,0.5974,True,False,True,False,True,0.25,4
f92264d757f14116b09da5a69acb7ad9,acled_event_food_text_all_0.25_4,0.0624,782,0.4973,0.4213,1.0,0.5928,0.4493,0.4259,1.0,0.5974,True,False,True,False,False,0.25,4
3dce8e2c2a814ad5b3a724b12ce3b791,acled_event_food_text_all_pca_0.25_5,0.1333,57,0.4519,0.4213,1.0,0.5928,0.4516,0.4259,1.0,0.5974,True,False,True,False,True,0.25,5
de14efb3ad2d44e394befab8f2ef6601,acled_event_food_text_all_0.25_5,0.2464,782,0.4194,0.4213,1.0,0.5928,0.4411,0.4259,1.0,0.5974,True,False,True,False,False,0.25,5
ef22332aecb741bf9f3d719842258746,acled_sub_food_text_conflict_pca_0.5_4,0.1131,56,0.3941,0.3704,1.0,0.5405,0.4107,0.3796,1.0,0.5503,True,False,True,True,True,0.5,4
6eae1cba9a5f4644a7549cd77765e753,acled_sub_food_text_conflict_0.5_4,0.2379,800,0.4217,0.3704,1.0,0.5405,0.3985,0.3814,1.0,0.5522,True,False,True,True,False,0.5,4
7041cdf6aeff46d7bdf22d421f52a392,acled_sub_food_text_conflict_pca_0.5_5,0.0706,56,0.3886,0.3744,0.9875,0.543,0.3951,0.3951,0.9878,0.5645,True,False,True,True,True,0.5,5
7d8944ea53f345fc83ee40a35d1864e1,acled_sub_food_text_conflict_0.5_5,0.0916,800,0.4207,0.3704,1.0,0.5405,0.405,0.3796,1.0,0.5503,True,False,True,True,False,0.5,5
29c6b3f159d245b49e98730e5918a287,acled_sub_food_text_all_pca_0.5_4,0.3269,75,0.3841,0.3704,1.0,0.5405,0.4277,0.3796,1.0,0.5503,True,False,True,False,True,0.5,4
e79a65e2fe904e88bd2d9ccc51d1de97,acled_sub_food_text_all_0.5_4,0.3539,800,0.3728,0.375,0.975,0.5417,0.3868,0.3798,0.9634,0.5448,True,False,True,False,False,0.5,4
d07cbe0bf3b04203b8b3341d05a8cb7e,acled_sub_food_text_all_pca_0.5_5,0.1473,75,0.3914,0.3721,1.0,0.5424,0.4162,0.3796,1.0,0.5503,True,False,True,False,True,0.5,5
d589541bb11e45d7a985755984775010,acled_sub_food_text_all_0.5_5,0.1125,800,0.355,0.3704,1.0,0.5405,0.4058,0.3803,0.9878,0.5492,True,False,True,False,False,0.5,5
c802c02c7379425bad363a76ce90a525,acled_event_food_text_conflict_pca_0.5_4,0.1409,38,0.348,0.3704,1.0,0.5405,0.3902,0.3796,1.0,0.5503,True,False,True,True,True,0.5,4
a9fb8665f7f74beba9a425171ff4a41c,acled_event_food_text_conflict_0.5_4,0.2244,782,0.3958,0.3692,0.9875,0.5374,0.3911,0.3803,0.9878,0.5492,True,False,True,True,False,0.5,4
56d3765c360445b09efd3bb26086f097,acled_event_food_text_conflict_pca_0.5_5,0.1452,38,0.3671,0.3704,1.0,0.5405,0.3875,0.3796,1.0,0.5503,True,False,True,True,True,0.5,5
0fbb704e1e394981a60f6606eeb9b73c,acled_event_food_text_conflict_0.5_5,0.0219,782,0.3554,0.3704,1.0,0.5405,0.4019,0.3796,1.0,0.5503,True,False,True,True,False,0.5,5
1236de84196e4305bb9acbd60e0e7285,acled_event_food_text_all_pca_0.5_4,0.1147,57,0.3673,0.3704,1.0,0.5405,0.4104,0.3767,0.9878,0.5455,True,False,True,False,True,0.5,4
9611a2d67eb24e069175ba093071d723,acled_event_food_text_all_0.5_4,0.0616,782,0.3449,0.3704,1.0,0.5405,0.4415,0.3796,1.0,0.5503,True,False,True,False,False,0.5,4
1809f1d5de5145a6881a9529d0c2b163,acled_event_food_text_all_pca_0.5_5,0.0895,57,0.3727,0.3704,1.0,0.5405,0.4049,0.3796,1.0,0.5503,True,False,True,False,True,0.5,5
450b551b65124e5bba4aa90b869fddec,acled_event_food_text_all_0.5_5,0.2052,782,0.3752,0.3721,1.0,0.5424,0.385,0.3814,1.0,0.5522,True,False,True,False,False,0.5,5
a2176fe893fd489598dc53d2a02021b9,acled_sub_food_text_conflict_pca_0.75_4,0.3854,56,0.4316,0.3881,0.6933,0.4976,0.3816,0.3417,0.6029,0.4362,True,False,True,True,True,0.75,4
1b1631b41a404324a52d7413531262a3,acled_sub_food_text_conflict_0.75_4,0.4577,800,0.4357,0.3934,0.64,0.4873,0.3678,0.3594,0.6765,0.4694,True,False,True,True,False,0.75,4
0296a76ef36943c484957d278ffdf913,acled_sub_food_text_conflict_pca_0.75_5,0.1555,56,0.4705,0.3541,0.9867,0.5211,0.3756,0.3178,1.0,0.4823,True,False,True,True,True,0.75,5
e5958365a71e4df5b76c68308d0fa6d1,acled_sub_food_text_conflict_0.75_5,0.3693,800,0.3955,0.3472,1.0,0.5155,0.3794,0.3148,1.0,0.4789,True,False,True,True,False,0.75,5
10a882fd75044df2a335a35af5ecf261,acled_sub_food_text_all_pca_0.75_4,0.2839,75,0.3674,0.3425,0.6667,0.4525,0.3422,0.32,0.5882,0.4145,True,False,True,False,True,0.75,4
13248cf35390440f8ce6671c0d05e71e,acled_sub_food_text_all_0.75_4,0.0553,800,0.3309,0.3472,1.0,0.5155,0.3373,0.3148,1.0,0.4789,True,False,True,False,False,0.75,4
6e88c7ada48741ff994021713f7f3af0,acled_sub_food_text_all_pca_0.75_5,0.0553,75,0.4341,0.3411,0.9733,0.5052,0.4063,0.3175,0.9853,0.4803,True,False,True,False,True,0.75,5
01b2e477be9a4786a85e2d6d38c6c68f,acled_sub_food_text_all_0.75_5,0.1434,800,0.4147,0.3458,0.9867,0.5121,0.4022,0.3146,0.9853,0.4769,True,False,True,False,False,0.75,5
ecc77f19e30a4686912a21a862d8c60d,acled_event_food_text_conflict_pca_0.75_4,0.063,38,0.3918,0.3472,1.0,0.5155,0.3811,0.3148,1.0,0.4789,True,False,True,True,True,0.75,4
e767f1aa0dd34eee96619eead4746cd1,acled_event_food_text_conflict_0.75_4,0.0693,782,0.4064,0.3472,1.0,0.5155,0.3805,0.3148,1.0,0.4789,True,False,True,True,False,0.75,4
f8171fa58db74053af61c92c882a9075,acled_event_food_text_conflict_pca_0.75_5,0.1419,38,0.3515,0.3505,1.0,0.519,0.3648,0.3148,1.0,0.4789,True,False,True,True,True,0.75,5
c52997a8528b4c8094a703981335289c,acled_event_food_text_conflict_0.75_5,0.0982,782,0.3729,0.3422,0.8533,0.4885,0.3452,0.3125,0.8824,0.4615,True,False,True,True,False,0.75,5
9e866d6b55b04c948ebeab62064afcd8,acled_event_food_text_all_pca_0.75_4,0.2324,57,0.3896,0.3561,0.9733,0.5214,0.3407,0.3351,0.9412,0.4942,True,False,True,False,True,0.75,4
0e4155583ce94e0780ec3722eff299c9,acled_event_food_text_all_0.75_4,0.2431,782,0.3596,0.3488,1.0,0.5172,0.3847,0.3148,1.0,0.4789,True,False,True,False,False,0.75,4
2fcaf38ecb934a4db6e2bea498bdd539,acled_event_food_text_all_pca_0.75_5,0.2017,57,0.4153,0.3524,0.9867,0.5193,0.3821,0.316,0.9853,0.4786,True,False,True,False,True,0.75,5
b9955df00341442b8b974ee0b01091ff,acled_event_food_text_all_0.75_5,0.0648,782,0.3453,0.3488,1.0,0.5172,0.3305,0.3163,1.0,0.4806,True,False,True,False,False,0.75,5
d1fa4769f0704204973e1da6ee2df03f,acled_sub_food_text_conflict_pca_1_4,0.4644,56,0.4251,0.3789,0.5455,0.4472,0.3744,0.3696,0.5862,0.4533,True,False,True,True,True,1.0,4
56a4f1ed3a4f4d6dbf4a84cd86262337,acled_sub_food_text_conflict_1_4,0.4543,800,0.4304,0.3238,0.5152,0.3977,0.3537,0.37,0.6379,0.4684,True,False,True,True,False,1.0,4
3af5f2b2894a4c13b7dd7076f2ca1115,acled_sub_food_text_conflict_pca_1_5,0.3162,56,0.4164,0.3056,1.0,0.4681,0.382,0.2685,1.0,0.4234,True,False,True,True,True,1.0,5
e115f35932224c479ccf726b24eabcbf,acled_sub_food_text_conflict_1_5,0.3722,800,0.3897,0.3084,1.0,0.4714,0.3517,0.2685,1.0,0.4234,True,False,True,True,False,1.0,5
49bd520bad2d450f8eb2e90c5348bef7,acled_sub_food_text_all_pca_1_4,0.4228,75,0.3657,0.3178,0.5152,0.3931,0.3958,0.3511,0.569,0.4342,True,False,True,False,True,1.0,4
e8c54a28c10d493c9f8a704bdd4ba25b,acled_sub_food_text_all_1_4,0.2064,800,0.3347,0.2926,0.8333,0.4331,0.3404,0.2872,0.931,0.439,True,False,True,False,False,1.0,4
5b67f36d2ae74b3eabbf90a7690f01c5,acled_sub_food_text_all_pca_1_5,0.3138,75,0.3797,0.2968,0.697,0.4163,0.3757,0.3089,0.6552,0.4199,True,False,True,False,True,1.0,5
c7b28c9e8c854a368725f9380891f4a7,acled_sub_food_text_all_1_5,0.3198,800,0.378,0.3099,1.0,0.4731,0.3692,0.267,0.9483,0.4167,True,False,True,False,False,1.0,5
c4784b0009d14b388a7887db3ae1166c,acled_event_food_text_conflict_pca_1_4,0.1421,38,0.3764,0.3023,0.7879,0.437,0.3937,0.2775,0.8276,0.4156,True,False,True,True,True,1.0,4
d078ea90b19b4c76a4686f7c88966fe6,acled_event_food_text_conflict_1_4,0.2364,782,0.3769,0.3056,1.0,0.4681,0.32,0.2685,1.0,0.4234,True,False,True,True,False,1.0,4
a4c7f582f00641729a423490ee125bd1,acled_event_food_text_conflict_pca_1_5,0.1503,38,0.382,0.32,0.7273,0.4444,0.3755,0.2814,0.8103,0.4178,True,False,True,True,True,1.0,5
d571b6a3340a45ad938a1cf4e28e0e94,acled_event_food_text_conflict_1_5,0.1014,782,0.3982,0.3056,1.0,0.4681,0.3554,0.2685,1.0,0.4234,True,False,True,True,False,1.0,5
7810db2e218746ceb9ec71d9477477e9,acled_event_food_text_all_pca_1_4,0.3972,57,0.3419,0.2969,0.5758,0.3918,0.37,0.313,0.6207,0.4162,True,False,True,False,True,1.0,4
15d8961bf5c340e7aea7010526b2d91d,acled_event_food_text_all_1_4,0.2464,782,0.3553,0.3024,0.9394,0.4576,0.3752,0.2772,0.9655,0.4308,True,False,True,False,False,1.0,4
565c0e4c436c4d6fbe886b247dac4809,acled_event_food_text_all_pca_1_5,0.1574,57,0.3485,0.3118,0.803,0.4492,0.3724,0.3121,0.7586,0.4422,True,False,True,False,True,1.0,5
c58de9304ff7498d82c5d5ef0159b2f6,acled_event_food_text_all_1_5,0.2379,782,0.3548,0.3056,1.0,0.4681,0.3775,0.2685,1.0,0.4234,True,False,True,False,False,1.0,5
86b68ec5d3984e6d97f55f2dd54c8bc4,acled_sub_food_0.25_4,0.3224,31,0.4273,0.4213,1.0,0.5928,0.4559,0.4259,1.0,0.5974,True,False,False,False,False,0.25,4
f728227bbd934f15806707adfa6224fb,acled_sub_food_0.25_5,0.4011,31,0.4162,0.3933,0.6484,0.4896,0.481,0.4091,0.6848,0.5122,True,False,False,False,False,0.25,5
2f9ea1c95468410d82d50acc33208749,acled_event_food_0.25_4,0.3218,13,0.4184,0.4213,1.0,0.5928,0.4558,0.4259,1.0,0.5974,True,False,False,False,False,0.25,4
865422c592404107bf9d9037a32d1e0c,acled_event_food_0.25_5,0.3067,13,0.3984,0.3968,0.8242,0.5357,0.4376,0.4145,0.8696,0.5614,True,False,False,False,False,0.25,5
5ff3094b74f1413ba179a07d88853712,acled_sub_food_0.5_4,0.2313,31,0.4067,0.3744,0.9875,0.543,0.3917,0.3868,1.0,0.5578,True,False,False,False,False,0.5,4
a496fdfc18b7428f8939724eb5f4fa37,acled_sub_food_0.5_5,0.3074,31,0.4075,0.3356,0.6125,0.4336,0.3907,0.3858,0.5976,0.4689,True,False,False,False,False,0.5,5
7606c71fc7434fc8aac53196646e2f2d,acled_event_food_0.5_4,0.279,13,0.3342,0.3555,0.9375,0.5155,0.3894,0.3785,0.9878,0.5473,True,False,False,False,False,0.5,4
31de40339d2a459b8ce1db4c9527e387,acled_event_food_0.5_5,0.3579,13,0.3743,0.3397,0.6625,0.4492,0.4354,0.3984,0.622,0.4857,True,False,False,False,False,0.5,5
195a9c21bdad400f8ce3886fc4e6fddf,acled_sub_food_0.75_4,0.4175,31,0.428,0.4038,0.56,0.4693,0.4317,0.3628,0.6029,0.453,True,False,False,False,False,0.75,4
f4a1cd33b6dd412fada672b2791e4258,acled_sub_food_0.75_5,0.085,31,0.4429,0.346,0.9733,0.5105,0.3671,0.33,0.9706,0.4925,True,False,False,False,False,0.75,5
0861ddc215b64da1980e62e6a4bcc040,acled_event_food_0.75_4,0.1096,13,0.3798,0.3488,1.0,0.5172,0.3881,0.3163,1.0,0.4806,True,False,False,False,False,0.75,4
df785efccaa5457983e30ca6c714eee6,acled_event_food_0.75_5,0.3251,13,0.3727,0.3803,0.72,0.4977,0.3619,0.3182,0.6176,0.42,True,False,False,False,False,0.75,5
9f085a1dd7ad488392871be253ab0de3,acled_sub_food_1_4,0.0731,31,0.379,0.3103,0.9545,0.4684,0.3603,0.3081,0.9828,0.4691,True,False,False,False,False,1.0,4
fc8714b5140b4780a7488320f181b9ed,acled_sub_food_1_5,0.1282,31,0.3728,0.2948,0.7727,0.4268,0.367,0.3137,0.8276,0.455,True,False,False,False,False,1.0,5
4b8dda33f93441598662d464d57b19e7,acled_event_food_1_4,0.3916,13,0.3337,0.296,0.5606,0.3874,0.3639,0.3136,0.6379,0.4205,True,False,False,False,False,1.0,4
ebaa75501645414780c4267f1d5cd08b,acled_event_food_1_5,0.269,13,0.3252,0.3267,0.7424,0.4537,0.3381,0.2866,0.7759,0.4186,True,False,False,False,False,1.0,5
6ecf688d3b9b47ddb60be59a6aa058d5,acled_sub_rain_text_conflict_pca_0.25_4,0.382,54,0.4372,0.4213,1.0,0.5928,0.4168,0.4259,1.0,0.5974,False,True,True,True,True,0.25,4
ba0a3c6e39bb4e78a859f3fcc6a5baca,acled_sub_rain_text_conflict_0.25_4,0.238,798,0.4514,0.4324,0.8791,0.5797,0.4148,0.4247,0.8587,0.5683,False,True,True,True,False,0.25,4
62a699ed64304ce1affc970217a97041,acled_sub_rain_text_conflict_pca_0.25_5,0.2255,54,0.417,0.4044,0.8132,0.5401,0.4209,0.443,0.7174,0.5477,False,True,True,True,True,0.25,5
26ea2a29f49f4830820af020c4babdcd,acled_sub_rain_text_conflict_0.25_5,0.1933,798,0.4617,0.4213,1.0,0.5928,0.4543,0.4259,1.0,0.5974,False,True,True,True,False,0.25,5
218f63c08864475aa5b97e6c28de9523,acled_sub_rain_text_all_pca_0.25_4,0.0435,73,0.4446,0.4213,1.0,0.5928,0.4062,0.4259,1.0,0.5974,False,True,True,False,True,0.25,4
c846955d3d6349338cd6989f6006f6f0,acled_sub_rain_text_all_0.25_4,0.106,798,0.4058,0.4171,0.967,0.5828,0.4403,0.4259,1.0,0.5974,False,True,True,False,False,0.25,4
270b43fd7b884e6f8789980fe383bdbd,acled_sub_rain_text_all_pca_0.25_5,0.1154,73,0.4349,0.4213,1.0,0.5928,0.4078,0.4259,1.0,0.5974,False,True,True,False,True,0.25,5
da6a9f916ee64766a755f2ea59568d99,acled_sub_rain_text_all_0.25_5,0.1835,798,0.423,0.4213,1.0,0.5928,0.4029,0.4259,1.0,0.5974,False,True,True,False,False,0.25,5
e7ec2d1a9b134108bc606076dad7c4b6,acled_event_rain_text_conflict_pca_0.25_4,0.2244,36,0.3996,0.415,0.9121,0.5704,0.4256,0.4286,0.8152,0.5618,False,True,True,True,True,0.25,4
90b337e6e16b48dea1882effbeec9f0d,acled_event_rain_text_conflict_0.25_4,0.198,780,0.4584,0.4213,1.0,0.5928,0.4135,0.4259,1.0,0.5974,False,True,True,True,False,0.25,4
9da7749d868a45a0b50e3c3f6aa93fd1,acled_event_rain_text_conflict_pca_0.25_5,0.2225,36,0.4067,0.4264,0.9231,0.5833,0.4561,0.4335,0.9565,0.5966,False,True,True,True,True,0.25,5
627ae7818f264ea391d4f1682c674410,acled_event_rain_text_conflict_0.25_5,0.1905,780,0.4519,0.4245,0.989,0.5941,0.4173,0.4279,1.0,0.5993,False,True,True,True,False,0.25,5
bddd30e1cf7a483d9f9fddec81333841,acled_event_rain_text_all_pca_0.25_4,0.1829,55,0.4415,0.4178,0.978,0.5855,0.4777,0.4238,0.9674,0.5894,False,True,True,False,True,0.25,4
3eedfda4ddbc48b3b5d2073a8a297f22,acled_event_rain_text_all_0.25_4,0.2407,780,0.4398,0.4265,0.956,0.5898,0.4142,0.4314,0.9565,0.5946,False,True,True,False,False,0.25,4
3cd248a5b6044630aa3efab67fdba20e,acled_event_rain_text_all_pca_0.25_5,0.1245,55,0.4232,0.4213,1.0,0.5928,0.3843,0.4259,1.0,0.5974,False,True,True,False,True,0.25,5
d63cb50399284151b0354b84b38134fc,acled_event_rain_text_all_0.25_5,0.057,780,0.3998,0.4233,1.0,0.5948,0.3875,0.4233,0.9891,0.5928,False,True,True,False,False,0.25,5
da3af7db4bb947ee89783188a07ae028,acled_sub_rain_text_conflict_pca_0.5_4,0.2955,54,0.3572,0.3523,0.775,0.4844,0.3925,0.3837,0.8049,0.5197,False,True,True,True,True,0.5,4
b60d73f154754aa8b39492f43d658923,acled_sub_rain_text_conflict_0.5_4,0.231,798,0.3926,0.3744,0.9875,0.543,0.3539,0.3832,1.0,0.5541,False,True,True,True,False,0.5,4
1b9913ddd9a04b14ac9f8ceab76ac44a,acled_sub_rain_text_conflict_pca_0.5_5,0.1209,54,0.3535,0.3723,0.875,0.5224,0.3964,0.4011,0.8902,0.553,False,True,True,True,True,0.5,5
e22251e497484dbf8a1771f298b777b7,acled_sub_rain_text_conflict_0.5_5,0.186,798,0.3524,0.3663,0.925,0.5248,0.3989,0.3842,0.8902,0.5368,False,True,True,True,False,0.5,5
e776a1f0ca004f129c306d57dfff343c,acled_sub_rain_text_all_pca_0.5_4,0.0368,73,0.3455,0.3704,1.0,0.5405,0.3861,0.3832,1.0,0.5541,False,True,True,False,True,0.5,4
797e9abf43fc4173a0cd2484c2559e10,acled_sub_rain_text_all_0.5_4,0.3298,798,0.3593,0.3704,1.0,0.5405,0.3991,0.3796,1.0,0.5503,False,True,True,False,False,0.5,4
3e123c11f1f74eec956a95eea85051ec,acled_sub_rain_text_all_pca_0.5_5,0.0267,73,0.3383,0.3704,1.0,0.5405,0.3817,0.3814,1.0,0.5522,False,True,True,False,True,0.5,5
328efc73ecb64d4a9c95e0f4e58831c7,acled_sub_rain_text_all_0.5_5,0.246,798,0.3542,0.3704,1.0,0.5405,0.3801,0.3796,1.0,0.5503,False,True,True,False,False,0.5,5
4aeb4bce8f37473c80e042bb08ad171c,acled_event_rain_text_conflict_pca_0.5_4,0.057,36,0.333,0.3704,1.0,0.5405,0.4364,0.3814,1.0,0.5522,False,True,True,True,True,0.5,4
7227a81926d64d79842ecbd106d8a052,acled_event_rain_text_conflict_0.5_4,0.2678,780,0.3727,0.3717,0.8875,0.524,0.3691,0.407,0.8537,0.5512,False,True,True,True,False,0.5,4
cb2ee3073727479fbb453ab665461480,acled_event_rain_text_conflict_pca_0.5_5,0.2406,36,0.3489,0.3675,0.7625,0.4959,0.4038,0.3889,0.6829,0.4956,False,True,True,True,True,0.5,5
bbe10c2ed3ad478eafc1028894c1b36d,acled_event_rain_text_conflict_0.5_5,0.1639,780,0.3725,0.3788,0.9375,0.5396,0.3954,0.3734,0.7195,0.4917,False,True,True,True,False,0.5,5
0f198083158345de9b3f4b6265c79c4b,acled_event_rain_text_all_pca_0.5_4,0.0362,55,0.3466,0.3704,1.0,0.5405,0.3662,0.3796,1.0,0.5503,False,True,True,False,True,0.5,4
a9f16da14eba49a5aba9225825bcc925,acled_event_rain_text_all_0.5_4,0.1111,780,0.3354,0.3721,1.0,0.5424,0.3886,0.3796,1.0,0.5503,False,True,True,False,False,0.5,4
e3fdfc99a46b435fa92087e57acb1373,acled_event_rain_text_all_pca_0.5_5,0.1468,55,0.3374,0.3769,0.9375,0.5376,0.3641,0.3799,0.8293,0.5211,False,True,True,False,True,0.5,5
999e405ea9ba4fccaf32bfa5da2d5202,acled_event_rain_text_all_0.5_5,0.2601,780,0.3397,0.3704,1.0,0.5405,0.4226,0.3785,0.9878,0.5473,False,True,True,False,False,0.5,5
6a4af26c801a41f692c84e988fb499dd,acled_sub_rain_text_conflict_pca_0.75_4,0.4105,54,0.3933,0.3418,0.72,0.4635,0.3668,0.3333,0.6029,0.4293,False,True,True,True,True,0.75,4
d37ecfaf4ea64066b6c631f7fa0e50fa,acled_sub_rain_text_conflict_0.75_4,0.4139,798,0.3747,0.4453,0.8133,0.5755,0.3359,0.3471,0.6176,0.4444,False,True,True,True,False,0.75,4
d71177342ee24ccb98feb67ef5400072,acled_sub_rain_text_conflict_pca_0.75_5,0.3058,54,0.3977,0.3631,0.8667,0.5118,0.3758,0.3214,0.7941,0.4576,False,True,True,True,True,0.75,5
2e8e583dfac342d38b498cab2e1d6aa2,acled_sub_rain_text_conflict_0.75_5,0.2752,798,0.3635,0.3472,1.0,0.5155,0.338,0.3148,1.0,0.4789,False,True,True,True,False,0.75,5
ff822a1193234764ba001f6168c304ac,acled_sub_rain_text_all_pca_0.75_4,0.1509,73,0.3624,0.3472,1.0,0.5155,0.3895,0.3148,1.0,0.4789,False,True,True,False,True,0.75,4
6c09767b0ad7441a96bf8f704965e2f3,acled_sub_rain_text_all_0.75_4,0.0705,798,0.3545,0.3472,1.0,0.5155,0.3523,0.3148,1.0,0.4789,False,True,True,False,False,0.75,4
b9758719f0804185825fd3bb418dceb3,acled_sub_rain_text_all_pca_0.75_5,0.3081,73,0.3565,0.3472,1.0,0.5155,0.3655,0.3148,1.0,0.4789,False,True,True,False,True,0.75,5
3215d3bd5d324fcda775095dacb248ce,acled_sub_rain_text_all_0.75_5,0.0986,798,0.3898,0.3397,0.9467,0.5,0.3424,0.3137,0.9412,0.4706,False,True,True,False,False,0.75,5
ff115699ad904603ba086665acfc3502,acled_event_rain_text_conflict_pca_0.75_4,0.396,36,0.3441,0.3475,0.5467,0.4249,0.353,0.36,0.5294,0.4286,False,True,True,True,True,0.75,4
be5970be999b46c799301353c5ae9c52,acled_event_rain_text_conflict_0.75_4,0.0502,780,0.3519,0.3488,1.0,0.5172,0.3137,0.3223,1.0,0.4875,False,True,True,True,False,0.75,4
dd3f154e41414b1d9b354123869ff428,acled_event_rain_text_conflict_pca_0.75_5,0.1156,36,0.3399,0.3458,0.9867,0.5121,0.4116,0.3178,1.0,0.4823,False,True,True,True,True,0.75,5
9b0e8267b60c49e0bfc8e2c64942bf38,acled_event_rain_text_conflict_0.75_5,0.1476,780,0.3503,0.3472,1.0,0.5155,0.3514,0.3221,0.9853,0.4855,False,True,True,True,False,0.75,5
57cd653be4324bdbb17ea3def7464df3,acled_event_rain_text_all_pca_0.75_4,0.0242,55,0.3606,0.3472,1.0,0.5155,0.3597,0.3148,1.0,0.4789,False,True,True,False,True,0.75,4
181c7d785d674b649679b04de852ee10,acled_event_rain_text_all_0.75_4,0.3241,780,0.3455,0.375,0.84,0.5185,0.3544,0.3484,0.7941,0.4843,False,True,True,False,False,0.75,4
1202370bc1774ed78e7cc681af9acafb,acled_event_rain_text_all_pca_0.75_5,0.0999,55,0.3421,0.3521,1.0,0.5208,0.3601,0.3131,0.9853,0.4752,False,True,True,False,True,0.75,5
4495678d930f4eeb99985f9f04db834a,acled_event_rain_text_all_0.75_5,0.0797,780,0.3473,0.3491,0.9867,0.5157,0.3313,0.3146,0.9853,0.4769,False,True,True,False,False,0.75,5
84133cd6de9343cea75d7358e79b24f2,acled_sub_rain_text_conflict_pca_1_4,0.3956,54,0.351,0.3162,0.5606,0.4044,0.397,0.37,0.6379,0.4684,False,True,True,True,True,1.0,4
29b46f7950114ca8a272bbca40a5de99,acled_sub_rain_text_conflict_1_4,0.4093,798,0.3653,0.3207,0.8939,0.472,0.3467,0.2928,0.9138,0.4435,False,True,True,True,False,1.0,4
e81a6bb330a542339e7e904b7937ed03,acled_sub_rain_text_conflict_pca_1_5,0.3136,54,0.3692,0.3056,1.0,0.4681,0.4074,0.2685,1.0,0.4234,False,True,True,True,True,1.0,5
f284e30f23f4440d81ac47f7953d4e2c,acled_sub_rain_text_conflict_1_5,0.0215,798,0.3787,0.3056,1.0,0.4681,0.3431,0.2685,1.0,0.4234,False,True,True,True,False,1.0,5
6a6fd0d9d32446f0b7bd3787971edb85,acled_sub_rain_text_all_pca_1_4,0.3128,73,0.3309,0.2917,0.4242,0.3457,0.4021,0.359,0.4828,0.4118,False,True,True,False,True,1.0,4
bb45d77a4a834e7db61c1c1539f3d9ec,acled_sub_rain_text_all_1_4,0.0431,798,0.3392,0.3084,1.0,0.4714,0.2588,0.2794,0.9828,0.4351,False,True,True,False,False,1.0,4
b36b5a0a3b9c4ef8a67d25d57940b99d,acled_sub_rain_text_all_pca_1_5,0.1059,73,0.3277,0.3027,0.8485,0.4462,0.3855,0.2803,0.7586,0.4093,False,True,True,False,True,1.0,5
9dee62947ce24709951dbfab138de28e,acled_sub_rain_text_all_1_5,0.0538,798,0.2849,0.307,1.0,0.4698,0.3323,0.2654,0.9655,0.4164,False,True,True,False,False,1.0,5
732b83621e504551b86d9e6d1be4fe33,acled_event_rain_text_conflict_pca_1_4,0.4396,36,0.3287,0.2979,0.6364,0.4058,0.406,0.3051,0.6207,0.4091,False,True,True,True,True,1.0,4
2870400fe14141439cdbdddffa659660,acled_event_rain_text_conflict_1_4,0.4038,780,0.3604,0.3317,1.0,0.4981,0.3529,0.2723,1.0,0.428,False,True,True,True,False,1.0,4
8c2fc829d27d4995bd0de1de09cd95e6,acled_event_rain_text_conflict_pca_1_5,0.3959,36,0.3394,0.3143,1.0,0.4783,0.4225,0.2749,1.0,0.4312,False,True,True,True,True,1.0,5
da6926addb5d40f89cb976161bfca844,acled_event_rain_text_conflict_1_5,0.2468,780,0.3474,0.302,0.9242,0.4552,0.3474,0.2718,0.9138,0.419,False,True,True,True,False,1.0,5
a14f1d3ab7c34a519d8a6ccebd846326,acled_event_rain_text_all_pca_1_4,0.2003,55,0.3035,0.3187,0.7727,0.4513,0.3572,0.2986,0.7414,0.4257,False,True,True,False,True,1.0,4
2a165958616c4003a1f8fc8913f519e8,acled_event_rain_text_all_1_4,0.0879,780,0.2929,0.2947,0.9242,0.4469,0.318,0.2673,0.931,0.4154,False,True,True,False,False,1.0,4
50e9ffadcacf4424bc78c4b4f4d93a66,acled_event_rain_text_all_pca_1_5,0.2496,55,0.3052,0.3072,0.7121,0.4292,0.3875,0.2857,0.5862,0.3842,False,True,True,False,True,1.0,5
ae9762b2005245558531e448f35513c9,acled_event_rain_text_all_1_5,0.0601,780,0.3253,0.3099,1.0,0.4731,0.3704,0.2676,0.9828,0.4207,False,True,True,False,False,1.0,5
29259c3e05514ed6b32e5ecb66f4364f,acled_sub_rain_0.25_4,0.0971,29,0.416,0.4213,1.0,0.5928,0.4703,0.4259,1.0,0.5974,False,True,False,False,False,0.25,4
c634ef9752dd414e9d7d033536ee91b4,acled_sub_rain_0.25_5,0.3847,29,0.4278,0.4213,1.0,0.5928,0.4766,0.4279,1.0,0.5993,False,True,False,False,False,0.25,5
9742a92415d64360a51908dd3e053fce,acled_event_rain_0.25_4,0.2048,11,0.401,0.4213,1.0,0.5928,0.4605,0.4259,1.0,0.5974,False,True,False,False,False,0.25,4
903641ae405943809d09a97dc7c7d258,acled_event_rain_0.25_5,0.352,11,0.3889,0.4198,0.978,0.5875,0.4456,0.43,0.9674,0.5953,False,True,False,False,False,0.25,5
a59adf6922304991ab377459671acfe8,acled_sub_rain_0.5_4,0.3133,29,0.3364,0.3459,0.6875,0.4603,0.4017,0.3984,0.5976,0.478,False,True,False,False,False,0.5,4
89a972d0cd244a4fb8859636aafeb43f,acled_sub_rain_0.5_5,0.3597,29,0.3355,0.3354,0.6625,0.4454,0.421,0.3952,0.5976,0.4757,False,True,False,False,False,0.5,5
0d1856904b6643979e362abdc968162b,acled_event_rain_0.5_4,0.3909,11,0.3158,0.3469,0.6375,0.4493,0.4335,0.4123,0.5732,0.4796,False,True,False,False,False,0.5,4
95621dc4eff14fd7bbc9083e17cab77f,acled_event_rain_0.5_5,0.4284,11,0.3146,0.3481,0.6875,0.4622,0.4331,0.3984,0.5976,0.478,False,True,False,False,False,0.5,5
231bb6f1c60642688f3d186607451f17,acled_sub_rain_0.75_4,0.2296,29,0.3744,0.3648,0.7733,0.4957,0.3852,0.3561,0.6912,0.47,False,True,False,False,False,0.75,4
ccf47da40c954e49bc9f5039a01a18b5,acled_sub_rain_0.75_5,0.408,29,0.3582,0.3689,0.6,0.4569,0.3841,0.3426,0.5441,0.4205,False,True,False,False,False,0.75,5
16a91643b05e40a9950141f54b5686df,acled_event_rain_0.75_4,0.2196,11,0.3439,0.3538,0.92,0.5111,0.3791,0.3425,0.9118,0.498,False,True,False,False,False,0.75,4
3fbbece8adf24bab8e26250046db9715,acled_event_rain_0.75_5,0.0356,11,0.3259,0.3472,1.0,0.5155,0.3631,0.3163,1.0,0.4806,False,True,False,False,False,0.75,5
aba9604e78104faabe290e56e64feec5,acled_sub_rain_1_4,0.4025,29,0.3061,0.2975,0.5455,0.385,0.4052,0.3431,0.6034,0.4375,False,True,False,False,False,1.0,4
7b5f6d04d4c24b7fa3cf6ffc925622e0,acled_sub_rain_1_5,0.4118,29,0.3195,0.3217,0.5606,0.4088,0.377,0.3299,0.5517,0.4129,False,True,False,False,False,1.0,5
c1e0858862de45a98a9553668a8d0a20,acled_event_rain_1_4,0.405,11,0.2929,0.2927,0.5455,0.381,0.4002,0.3263,0.5345,0.4052,False,True,False,False,False,1.0,4
0a103d615d374dd69b66fd2a886572ba,acled_event_rain_1_5,0.4523,11,0.3116,0.3019,0.4848,0.3721,0.4083,0.3034,0.4655,0.3673,False,True,False,False,False,1.0,5
57166d6ad3f74c65a9bbd276015c8ed6,acled_sub_text_conflict_pca_0.25_4,0.1818,53,0.46,0.4213,1.0,0.5928,0.4683,0.4259,1.0,0.5974,False,False,True,True,True,0.25,4
34f5df1c44f94035af43a969b09baa28,acled_sub_text_conflict_0.25_4,0.4197,797,0.5083,0.4213,1.0,0.5928,0.3921,0.4299,1.0,0.6013,False,False,True,True,False,0.25,4
a8f911bf7c734348a1d8f772daa88fa0,acled_sub_text_conflict_pca_0.25_5,0.2677,53,0.4475,0.4225,0.989,0.5921,0.4537,0.436,1.0,0.6073,False,False,True,True,True,0.25,5
4ed04fdcaf09441c94456927601fa792,acled_sub_text_conflict_0.25_5,0.2065,797,0.4483,0.4213,1.0,0.5928,0.4171,0.4259,1.0,0.5974,False,False,True,True,False,0.25,5
0478cb53202d44df838fa06635b96ec7,acled_sub_text_all_pca_0.25_4,0.1621,72,0.4517,0.4213,1.0,0.5928,0.4163,0.4259,1.0,0.5974,False,False,True,False,True,0.25,4
d432a01b2b964ed5a762e5225b3605cd,acled_sub_text_all_0.25_4,0.0577,797,0.458,0.4213,1.0,0.5928,0.4705,0.4259,1.0,0.5974,False,False,True,False,False,0.25,4
0c0649d704924e0d96032dfc7feaa22f,acled_sub_text_all_pca_0.25_5,0.103,72,0.445,0.4213,1.0,0.5928,0.4216,0.4259,1.0,0.5974,False,False,True,False,True,0.25,5
4492e3fafc294ab3a4faf4e278a6aa5f,acled_sub_text_all_0.25_5,0.1937,797,0.457,0.4206,0.989,0.5902,0.4503,0.4259,1.0,0.5974,False,False,True,False,False,0.25,5
31e3d7c8a9a049e6893fe3aadc3549a4,acled_event_text_conflict_pca_0.25_4,0.353,35,0.4882,0.4233,1.0,0.5948,0.4565,0.4279,1.0,0.5993,False,False,True,True,True,0.25,4
18af7c50b454418cb2b314e2b007e8c5,acled_event_text_conflict_0.25_4,0.1998,779,0.4686,0.4188,0.8791,0.5674,0.4383,0.4375,0.913,0.5915,False,False,True,True,False,0.25,4
bb14f559694044b2849697b19af77074,acled_event_text_conflict_pca_0.25_5,0.0387,35,0.4602,0.4213,1.0,0.5928,0.4474,0.4259,1.0,0.5974,False,False,True,True,True,0.25,5
89a6c194c02640e7acb32d0760166e59,acled_event_text_conflict_0.25_5,0.1125,779,0.4539,0.4213,1.0,0.5928,0.4415,0.4259,1.0,0.5974,False,False,True,True,False,0.25,5
02d5964ee4b24687933585e7da7dbbe2,acled_event_text_all_pca_0.25_4,0.2352,54,0.4312,0.4213,1.0,0.5928,0.4224,0.4299,1.0,0.6013,False,False,True,False,True,0.25,4
83155b895cc04e4a92fadfb405ad17b9,acled_event_text_all_0.25_4,0.1014,779,0.4731,0.4265,0.989,0.596,0.4503,0.4299,1.0,0.6013,False,False,True,False,False,0.25,4
94916ba2b57544808f090047f2eafba2,acled_event_text_all_pca_0.25_5,0.0584,54,0.439,0.4213,1.0,0.5928,0.424,0.4233,0.9891,0.5928,False,False,True,False,True,0.25,5
74a6471341ef433dac5e0de10bb550b2,acled_event_text_all_0.25_5,0.1246,779,0.4317,0.4206,0.989,0.5902,0.4269,0.4279,1.0,0.5993,False,False,True,False,False,0.25,5
d3013169c0074d178dd7c02462050697,acled_sub_text_conflict_pca_0.5_4,0.1738,53,0.4245,0.3704,1.0,0.5405,0.4013,0.3796,1.0,0.5503,False,False,True,True,True,0.5,4
fd6d2c02b7f1449f98a5dbcdbe75710a,acled_sub_text_conflict_0.5_4,0.2953,797,0.4345,0.3704,1.0,0.5405,0.3933,0.3796,1.0,0.5503,False,False,True,True,False,0.5,4
8011fd8a346d42f098e02e2147c205f2,acled_sub_text_conflict_pca_0.5_5,0.1493,53,0.4247,0.3632,0.9625,0.5274,0.3817,0.3869,0.939,0.548,False,False,True,True,True,0.5,5
b00bf202797e4564bb16507c6b43212d,acled_sub_text_conflict_0.5_5,0.0941,797,0.3744,0.3704,1.0,0.5405,0.382,0.3796,1.0,0.5503,False,False,True,True,False,0.5,5
b49c2ba52afd43e8b6ce3c138742fd85,acled_sub_text_all_pca_0.5_4,0.3385,72,0.3827,0.3717,0.8875,0.524,0.4044,0.3859,0.8659,0.5338,False,False,True,False,True,0.5,4
c47ef019c6804e76a88f146f126f66c9,acled_sub_text_all_0.5_4,0.3312,797,0.3739,0.3704,1.0,0.5405,0.3744,0.3796,1.0,0.5503,False,False,True,False,False,0.5,4
b59826303df641508a5f4c3a91463476,acled_sub_text_all_pca_0.5_5,0.0281,72,0.3607,0.3674,0.9875,0.5356,0.394,0.3857,0.9878,0.5548,False,False,True,False,True,0.5,5
ede29a11715a4490aea882b9931e965a,acled_sub_text_all_0.5_5,0.0897,797,0.3516,0.3704,1.0,0.5405,0.4206,0.3796,1.0,0.5503,False,False,True,False,False,0.5,5
d41b9ac7895b4a539f6a5ea03e084d9f,acled_event_text_conflict_pca_0.5_4,0.3041,35,0.3866,0.3984,0.6375,0.4904,0.4365,0.4343,0.5244,0.4751,False,False,True,True,True,0.5,4
54321367941a43c39a4ed2714da13652,acled_event_text_conflict_0.5_4,0.2109,779,0.4079,0.3704,1.0,0.5405,0.3801,0.3796,1.0,0.5503,False,False,True,True,False,0.5,4
1616018e85cf4e1f8f8c02d5f27cdc7f,acled_event_text_conflict_pca_0.5_5,0.2713,35,0.3775,0.3704,1.0,0.5405,0.422,0.3923,1.0,0.5636,False,False,True,True,True,0.5,5
dd460a992255453a952e090d3688202e,acled_event_text_conflict_0.5_5,0.328,779,0.4277,0.3704,1.0,0.5405,0.3678,0.3796,1.0,0.5503,False,False,True,True,False,0.5,5
8ad45e4c967b4d52ba68aecabd463617,acled_event_text_all_pca_0.5_4,0.3275,54,0.3762,0.3704,1.0,0.5405,0.4068,0.3796,1.0,0.5503,False,False,True,False,True,0.5,4
4c9ad7035a554404b7019acb8076f35f,acled_event_text_all_0.5_4,0.3825,779,0.3633,0.3721,1.0,0.5424,0.404,0.3796,1.0,0.5503,False,False,True,False,False,0.5,4
67f2036e40fd4e82ade40b13665b7b44,acled_event_text_all_pca_0.5_5,0.1284,54,0.3436,0.3704,1.0,0.5405,0.4239,0.3821,0.9878,0.551,False,False,True,False,True,0.5,5
e3ab76324a2e44219a715227d65eb82f,acled_event_text_all_0.5_5,0.1765,779,0.3502,0.3704,1.0,0.5405,0.3952,0.3796,1.0,0.5503,False,False,True,False,False,0.5,5
01dfc6ea6dff426db0e5fb7319ac434e,acled_sub_text_conflict_pca_0.75_4,0.3681,53,0.3889,0.3933,0.4667,0.4268,0.3488,0.4079,0.4559,0.4306,False,False,True,True,True,0.75,4
ec0e8d5eb69947ba8ba8d5f5e0dbc2db,acled_sub_text_conflict_0.75_4,0.3962,797,0.3862,0.377,0.92,0.5349,0.3829,0.3266,0.9559,0.4869,False,False,True,True,False,0.75,4
e8e3b4091a6d4e1697bba7d790677046,acled_sub_text_conflict_pca_0.75_5,0.4279,53,0.4168,0.3725,0.5067,0.4294,0.4135,0.4021,0.5735,0.4727,False,False,True,True,True,0.75,5
5a1dbda05d334ed9b03ace95a8b77356,acled_sub_text_conflict_0.75_5,0.388,797,0.4369,0.3472,1.0,0.5155,0.3333,0.3148,1.0,0.4789,False,False,True,True,False,0.75,5
a2204d168a754eb79caffc4f26cc3fe8,acled_sub_text_all_pca_0.75_4,0.2833,72,0.4382,0.3556,0.8533,0.502,0.3458,0.3219,0.6912,0.4393,False,False,True,False,True,0.75,4
6d3c71e4d4a84c96a60d4fda1511eed0,acled_sub_text_all_0.75_4,0.3052,797,0.3358,0.3526,0.8133,0.4919,0.3707,0.35,0.8235,0.4912,False,False,True,False,False,0.75,4
1d54906c453b4199adc7b6dd05a8fe95,acled_sub_text_all_pca_0.75_5,0.0484,72,0.4436,0.3448,0.9333,0.5036,0.3957,0.3039,0.8088,0.4418,False,False,True,False,True,0.75,5
b2ef6379e89f4955985bcadacab212fe,acled_sub_text_all_0.75_5,0.0429,797,0.4048,0.3472,1.0,0.5155,0.3851,0.3148,1.0,0.4789,False,False,True,False,False,0.75,5
908ab10e7eb94de39bb35b6d3a15a34a,acled_event_text_conflict_pca_0.75_4,0.4507,35,0.4211,0.396,0.7867,0.5268,0.4074,0.3521,0.7353,0.4762,False,False,True,True,True,0.75,4
6c93d31e237e4dcaa65c7f89ccd776a0,acled_event_text_conflict_0.75_4,0.4026,779,0.4144,0.3922,0.5333,0.452,0.3571,0.3182,0.3088,0.3134,False,False,True,True,False,0.75,4
e8055bca5aa24348a92c6684ee8f9256,acled_event_text_conflict_pca_0.75_5,0.1753,35,0.3839,0.3333,0.84,0.4773,0.4002,0.3196,0.9118,0.4733,False,False,True,True,True,0.75,5
4d1714e2b197412ba450c2312382c22f,acled_event_text_conflict_0.75_5,0.3694,779,0.4024,0.3472,1.0,0.5155,0.3655,0.3148,1.0,0.4789,False,False,True,True,False,0.75,5
8a90174dd3d14df2b537f63ec7ed3114,acled_event_text_all_pca_0.75_4,0.1716,54,0.3579,0.3524,0.9867,0.5193,0.3748,0.3048,0.8382,0.4471,False,False,True,False,True,0.75,4
501557d98e3d4e55bed8093ca7edca3e,acled_event_text_all_0.75_4,0.3276,779,0.327,0.3438,0.7333,0.4681,0.3693,0.3462,0.7941,0.4821,False,False,True,False,False,0.75,4
3e21b33df25c488a93ce1a8c592c6bbe,acled_event_text_all_pca_0.75_5,0.1182,54,0.4158,0.3443,0.84,0.4884,0.4027,0.3133,0.6912,0.4312,False,False,True,False,True,0.75,5
ea82e323658b449cae99aae86b8c66d9,acled_event_text_all_0.75_5,0.0753,779,0.3317,0.3472,1.0,0.5155,0.4043,0.3148,1.0,0.4789,False,False,True,False,False,0.75,5
53b4f2e95beb4917a9033b3d124f11a8,acled_sub_text_conflict_pca_1_4,0.4241,53,0.3879,0.3294,0.8485,0.4746,0.408,0.2733,0.8103,0.4087,False,False,True,True,True,1.0,4
218ec0a36d9f4747a30315e9c25e95eb,acled_sub_text_conflict_1_4,0.407,797,0.3778,0.3007,0.697,0.4201,0.3552,0.3089,0.6552,0.4199,False,False,True,True,False,1.0,4
6aafb55c489d49c6bb47b864ac52fa86,acled_sub_text_conflict_pca_1_5,0.0407,53,0.366,0.3099,1.0,0.4731,0.3676,0.271,1.0,0.4265,False,False,True,True,True,1.0,5
958c23e7cabb4563b491f623ba861f97,acled_sub_text_conflict_1_5,0.0314,797,0.3523,0.3056,1.0,0.4681,0.3568,0.2685,1.0,0.4234,False,False,True,True,False,1.0,5
772c2e089dfb41e99b89273eb21f2e3b,acled_sub_text_all_pca_1_4,0.3513,72,0.3652,0.32,0.6061,0.4188,0.4004,0.3617,0.5862,0.4474,False,False,True,False,True,1.0,4
0f263101cb9d4b52a38508a4068e0812,acled_sub_text_all_1_4,0.0658,797,0.3196,0.3092,0.9697,0.4689,0.3345,0.27,0.931,0.4186,False,False,True,False,False,1.0,4
78d2faacf57e40d0a6a84f4912467cb8,acled_sub_text_all_pca_1_5,0.2946,72,0.3809,0.2994,0.803,0.4362,0.3874,0.3121,0.7586,0.4422,False,False,True,False,True,1.0,5
2b3b9983cd5a427da1b0bac2323fc8ff,acled_sub_text_all_1_5,0.1482,797,0.3016,0.3056,1.0,0.4681,0.3952,0.2685,1.0,0.4234,False,False,True,False,False,1.0,5
c9a07063c26a4a5b945bd730754e797f,acled_event_text_conflict_pca_1_4,0.3938,35,0.3557,0.2981,0.7273,0.4229,0.3919,0.3106,0.7069,0.4316,False,False,True,True,True,1.0,4
d463f6259ead44b6a62efa8fc93bf57e,acled_event_text_conflict_1_4,0.3935,779,0.3659,0.3077,0.9697,0.4672,0.347,0.2705,0.9655,0.4226,False,False,True,True,False,1.0,4
aef9737b66e14cf0a0afd103ad4d95a5,acled_event_text_conflict_pca_1_5,0.3586,35,0.3575,0.3128,1.0,0.4765,0.378,0.2723,1.0,0.428,False,False,True,True,True,1.0,5
c2d735bb35484dd3a26df220cbe833f6,acled_event_text_conflict_1_5,0.3523,779,0.3968,0.3056,1.0,0.4681,0.3493,0.2685,1.0,0.4234,False,False,True,True,False,1.0,5
b2ac711e76004e1b9a90cf14661686fa,acled_event_text_all_pca_1_4,0.3706,54,0.3101,0.3022,0.6364,0.4098,0.3839,0.2957,0.5862,0.3931,False,False,True,False,True,1.0,4
b713718f4a6d4f07aba4c3fc4f44c9e1,acled_event_text_all_1_4,0.0134,779,0.3518,0.3056,1.0,0.4681,0.3569,0.2685,1.0,0.4234,False,False,True,False,False,1.0,4
e479ed61cde940f7ba742f0faf97fda6,acled_event_text_all_pca_1_5,0.3701,54,0.3325,0.2938,0.7121,0.4159,0.3799,0.3071,0.6724,0.4216,False,False,True,False,True,1.0,5
43212170ca124ed6883f1436380c8aff,acled_event_text_all_1_5,0.1445,779,0.3054,0.3056,1.0,0.4681,0.3908,0.2685,1.0,0.4234,False,False,True,False,False,1.0,5
e7c05e3d23694026a53b47bb3274684c,acled_sub_0.25_4,0.2727,28,0.4234,0.4213,1.0,0.5928,0.4745,0.4259,1.0,0.5974,False,False,False,False,False,0.25,4
a7e02ad23aa841fd9932005114822fe2,acled_sub_0.25_5,0.4129,28,0.4464,0.4213,1.0,0.5928,0.4593,0.4259,1.0,0.5974,False,False,False,False,False,0.25,5
239b6bb3509e4d94baeb92c429f76108,acled_event_0.25_4,0.2725,10,0.3802,0.4106,0.9341,0.5705,0.4551,0.4258,0.9674,0.5914,False,False,False,False,False,0.25,4
2c4388142e404e88a929184cb47a2b84,acled_event_0.25_5,0.1702,10,0.3936,0.4213,1.0,0.5928,0.4726,0.4279,1.0,0.5993,False,False,False,False,False,0.25,5
923452a584e34ed2a30ddc80765ce0da,acled_sub_0.5_4,0.3598,28,0.3836,0.3704,1.0,0.5405,0.4146,0.3796,1.0,0.5503,False,False,False,False,False,0.5,4
084d1f6af1344e778552db5f3860598d,acled_sub_0.5_5,0.2513,28,0.3748,0.3494,0.725,0.4715,0.3986,0.4241,0.8171,0.5583,False,False,False,False,False,0.5,5
32f3d59ff3ac4642b920a24b83675586,acled_event_0.5_4,0.2838,10,0.3654,0.3656,0.85,0.5113,0.428,0.4171,0.8902,0.5681,False,False,False,False,False,0.5,4
86abfce2d47442b8aac6e1f026ea1838,acled_event_0.5_5,0.0505,10,0.3661,0.3704,1.0,0.5405,0.434,0.3796,1.0,0.5503,False,False,False,False,False,0.5,5
0f4417883ef248b2b6f0f9298e998173,acled_sub_0.75_4,0.4238,28,0.3915,0.3964,0.5867,0.4731,0.3856,0.3654,0.5588,0.4419,False,False,False,False,False,0.75,4
1b5f04b598394a1a944802e862aba56d,acled_sub_0.75_5,0.3296,28,0.4188,0.3597,0.6667,0.4673,0.3669,0.3759,0.7794,0.5072,False,False,False,False,False,0.75,5
4561f9b9145c4135ab30db950183993d,acled_event_0.75_4,0.4034,10,0.3691,0.3846,0.6667,0.4878,0.3974,0.3423,0.5588,0.4246,False,False,False,False,False,0.75,4
a53ae4e3a93543e99f102ffd4704fa7f,acled_event_0.75_5,0.0521,10,0.3729,0.3472,1.0,0.5155,0.3777,0.3163,1.0,0.4806,False,False,False,False,False,0.75,5
61eccc32fb844c9ba8789f3d41e3313f,acled_sub_1_4,0.4432,28,0.3595,0.3364,0.5455,0.4162,0.3737,0.3571,0.6034,0.4487,False,False,False,False,False,1.0,4
d071ad321b4f44b7b424b28273a7c0b1,acled_sub_1_5,0.4171,28,0.3565,0.3196,0.4697,0.3804,0.3498,0.3434,0.5862,0.4331,False,False,False,False,False,1.0,5
cadfcfe463bb4386b92f94ac0efc10ae,acled_event_1_4,0.4825,10,0.35,0.3235,0.5,0.3929,0.4499,0.3678,0.5517,0.4414,False,False,False,False,False,1.0,4
139f5b9f91724c41817ef3407c56fd5f,acled_event_1_5,0.462,10,0.3461,0.3036,0.5152,0.382,0.4131,0.3267,0.569,0.4151,False,False,False,False,False,1.0,5
